{
    "vus": 100,
    "scenarios": {
        "browsers": 30,
        "shoppers": 50,
        "buyers": 20
    },
    "total_requests": 4782,
    "failed_requests": 4205,
    "avg_response_time_ms": 2575.0429528021746,
    "max_response_time_ms": 60001.3348,
    "p95_response_time_ms": 15986.231149999987,
    "success_rate": "10.30",
    "failed_rate": "87.93"
}